개설대학,개설학과,교과목번호,강좌번호,교과목명,부제명,수업교시,"강의실(동-호)(#연건, *평창)",수강신청인원
인문대학,철학과,031.033,1,논리와 비판적 사고, ,금(14:00~16:50),006-105,33
인문대학,철학과,031.033,2,논리와 비판적 사고, ,금(10:00~12:50),006-105,41
인문대학,철학과,031.033,3,논리와 비판적 사고, ,월(12:30~13:45)/수(12:30~13:45),006-106/006-106,33
인문대학,철학과,031.033,4,논리와 비판적 사고, ,월(14:00~15:15)/수(14:00~15:15),007-203/007-203,25
인문대학,중어중문학과,032.005,1,초급한문 1, ,월(09:30~10:45)/수(09:30~10:45),001-207/001-207,32
인문대학,중어중문학과,032.005,2,초급한문 1, ,월(11:00~12:15)/수(11:00~12:15),001-101/001-101,40
인문대학,중어중문학과,032.005,3,초급한문 1, ,월(14:00~15:15)/수(14:00~15:15),008-302/008-302,37
인문대학,중어중문학과,032.005,4,초급한문 1, ,월(15:30~16:45)/수(15:30~16:45),007-201/007-201,27
인문대학,중어중문학과,032.005,5,초급한문 1, ,화(09:30~10:45)/목(09:30~10:45),008-301/008-301,49
인문대학,중어중문학과,032.005,6,초급한문 1, ,화(12:30~13:45)/목(12:30~13:45),083-202/083-202,44
인문대학,중어중문학과,032.006,1,초급한문 2, ,화(14:00~15:15)/목(14:00~15:15),003-116/003-116,38
인문대학,협동과정  서양고전학전공,032.079,1,라틴어 1, ,월(12:30~13:45)/수(12:30~13:45),014-204/014-204,45
인문대학,협동과정  서양고전학전공,032.079,2,라틴어 1, ,월(11:00~12:15)/수(11:00~12:15),007-201/007-201,40
인문대학,협동과정  서양고전학전공,032.079,3,라틴어 1, ,화(09:30~10:45)/목(09:30~10:45),007-203/007-203,40
자연과학대학,수리과학부,033.001,1,수학 및 연습 1, ,월(13:00~13:50)/수(13:00~13:50)/금(13:00~14:50)/금(13:00~14:50),024-209/024-209/500-L304/500-L303,52
자연과학대학,수리과학부,033.002,1,수학 및 연습 2, ,월(11:00~11:50)/수(11:00~11:50)/금(11:00~12:50)/금(11:00~12:50),025-109/025-109/024-113/024-112,46
자연과학대학,수리과학부,033.002,4,수학 및 연습 2, ,월(11:00~11:50)/수(11:00~11:50)/금(11:00~12:50)/금(11:00~12:50),024-210/024-210/024-101/024-209,31
자연과학대학,수리과학부,033.002,6,수학 및 연습 2, ,월(10:00~10:50)/수(10:00~10:50)/금(11:00~12:50)/금(11:00~12:50),025-101/025-101/024-207/025-104,43
자연과학대학,수리과학부,033.002,7,수학 및 연습 2, ,월(10:00~10:50)/월(15:30~17:20)/월(15:30~17:20)/수(10:00~10:50),025-104/024-207/024-209/025-104,48
자연과학대학,수리과학부,033.002,8,수학 및 연습 2, ,월(10:00~10:50)/월(15:30~17:20)/월(15:30~17:20)/수(10:00~10:50),024-209/043-101/043-201/024-209,46
자연과학대학,수리과학부,033.002,9,수학 및 연습 2, ,월(14:00~14:50)/수(14:00~14:50)/수(15:30~17:20)/수(15:30~17:20),025-101/025-101/043-101/043-201,51
자연과학대학,수리과학부,033.002,10,수학 및 연습 2, ,월(14:00~14:50)/수(14:00~14:50)/수(15:30~17:20)/수(15:30~17:20),025-109/025-109/024-207/024-210,48
자연과학대학,수리과학부,033.002,11,수학 및 연습 2, ,월(13:00~13:50)/수(13:00~13:50)/금(15:00~16:50)/금(15:00~16:50),025-105/025-105/024-207/024-209,41
자연과학대학,수리과학부,033.002,12,수학 및 연습 2, ,월(15:00~15:50)/수(15:00~15:50)/금(15:00~16:50)/금(15:00~16:50),025-101/025-101/500-L303/500-L304,34
자연과학대학,수리과학부,033.002,16,수학 및 연습 2, ,월(13:00~13:50)/수(13:00~13:50)/금(15:00~16:50)/금(15:00~16:50),025-101/025-101/024-113/024-112,49
자연과학대학,수리과학부,033.002,17,수학 및 연습 2, ,월(11:00~11:50)/월(15:30~17:20)/월(15:30~17:20)/수(11:00~11:50),025-105/024-101/024-112/025-105,45
자연과학대학,수리과학부,033.002,18,수학 및 연습 2, ,월(09:00~09:50)/수(09:00~09:50)/금(13:00~14:50)/금(13:00~14:50),024-209/024-209/043-1-303/043-1-304,9
자연과학대학,수리과학부,033.002,19,수학 및 연습 2, ,월(09:00~09:50)/수(09:00~09:50)/금(13:00~14:50)/금(13:00~14:50),025-104/025-104/024-112/024-113,40
자연과학대학,수리과학부,033.002,22,수학 및 연습 2, ,월(15:00~15:50)/수(15:00~15:50)/금(13:00~14:50)/금(13:00~14:50),025-109/025-109/024-207/024-209,44
자연과학대학,수리과학부,033.002,23,수학 및 연습 2, ,월(15:00~15:50)/수(15:00~15:50)/금(13:00~14:50)/금(13:00~14:50),025-104/025-104/025-101/025-104,49
자연과학대학,수리과학부,033.002,24,수학 및 연습 2, ,월(15:00~15:50)/수(15:00~15:50)/금(15:00~16:50)/금(15:00~16:50),025-105/025-105/025-105/025-109,46
자연과학대학,수리과학부,033.002,25,수학 및 연습 2, ,월(11:00~11:50)/수(11:00~11:50)/수(15:30~17:20)/수(15:30~17:20),024-101/024-101/024-101/024-112,51
자연과학대학,수리과학부,033.002,26,수학 및 연습 2, ,월(13:00~13:50)/수(13:00~13:50)/금(13:00~14:50)/금(13:00~14:50),024-101/024-101/024-210/024-211,42
자연과학대학,수리과학부,033.002,27,수학 및 연습 2, ,월(13:00~13:50)/수(13:00~13:50)/금(13:00~14:50)/금(13:00~14:50),025-110/025-110/025-105/025-110,42
자연과학대학,수리과학부,033.002,28,수학 및 연습 2, ,월(11:00~11:50)/수(11:00~11:50)/금(11:00~12:50)/금(11:00~12:50),024-209/024-209/024-210/024-211,35
자연과학대학,수리과학부,033.004,1,고급수학 및 연습 2, ,월(11:00~11:50)/수(11:00~11:50)/금(11:00~12:50)/금(11:00~12:50),025-101/025-101/025-101/025-110,41
자연과학대학,수리과학부,033.004,2,고급수학 및 연습 2, ,월(12:00~12:50)/수(12:00~12:50)/금(11:00~12:50)/금(11:00~12:50),025-101/025-101/025-105/025-109,25
자연과학대학,수리과학부,033.004,4,고급수학 및 연습 2, ,월(16:00~16:50)/수(16:00~16:50)/금(15:00~16:50)/금(15:00~16:50),025-101/025-101/043-1-302/043-1-401,8
자연과학대학,수리과학부,033.006,1,미적분학 및 연습 2, ,월(11:00~12:15)/수(11:00~12:15)/금(11:00~12:50)/금(11:00~12:50)/금(11:00~12:50),500-L306/500-L306/500-L303/500-L304/500-L305,43
자연과학대학,수리과학부,033.006,2,미적분학 및 연습 2, ,월(09:30~10:45)/수(09:30~10:45)/금(11:00~12:50)/금(11:00~12:50)/금(11:00~12:50),500-L311/500-L311/500-L306/500-L308/500-L309,12
자연과학대학,수리과학부,033.007,1,생명과학을 위한 수학 1, ,월(12:30~13:45)/수(12:30~13:45),043-1-403/043-1-403,33
자연과학대학,수리과학부,033.007,2,생명과학을 위한 수학 1, ,화(09:30~10:45)/목(09:30~10:45),025-109/025-109,40
자연과학대학,수리과학부,033.008,6,생명과학을 위한 수학 2, ,화(14:00~15:15)/목(14:00~15:15),043-1-201/043-1-201,46
자연과학대학,수리과학부,033.008,7,생명과학을 위한 수학 2, ,월(12:30~13:45)/수(12:30~13:45),024-210/024-210,40
자연과학대학,수리과학부,033.009,3,경영학을 위한 수학, ,화(12:30~13:45)/목(12:30~13:45),025-109/025-109,41
자연과학대학,수리과학부,033.010,2,인문사회계를 위한 수학 1, ,월(14:00~15:15)/수(14:00~15:15),024-209/024-209,44
자연과학대학,수리과학부,033.010,3,인문사회계를 위한 수학 1, ,화(12:30~13:45)/목(12:30~13:45),024-210/024-210,42
자연과학대학,수리과학부,033.018,1,미적분학의 첫걸음, ,월(17:00~17:50)/월(18:00~18:50)/월(18:00~18:50)/수(17:00~17:50)/수(18:00~18:50)/수(18:00~18:50),025-101/025-101/025-104/025-101/025-101/025-104,41
자연과학대학,통계학과,033.019,1,통계학, ,월(09:30~10:45)/수(09:30~10:45),028-101/028-101,49
자연과학대학,통계학과,033.019,2,통계학, ,월(11:00~12:15)/수(11:00~12:15),028-301/028-301,62
자연과학대학,통계학과,033.019,3,통계학, ,화(11:00~12:15)/목(11:00~12:15),028-102/028-102,66
자연과학대학,통계학과,033.019,4,통계학, ,화(09:30~10:45)/목(09:30~10:45),028-101/028-101,55
자연과학대학,통계학과,033.019,5,통계학, ,월(11:00~12:15)/수(11:00~12:15),056-106/056-106,63
자연과학대학,통계학과,033.019,6,통계학, ,화(11:00~12:15)/목(11:00~12:15),028-301/028-301,65
자연과학대학,통계학과,033.019,7,통계학, ,월(12:30~13:45)/수(12:30~13:45),028-303/028-303,68
자연과학대학,통계학과,033.019,8,통계학, ,월(14:00~15:15)/수(14:00~15:15),058-217/058-217,67
자연과학대학,통계학과,033.019,9,통계학, ,화(12:30~13:45)/목(12:30~13:45),028-303/028-303,72
자연과학대학,통계학과,033.019,10,통계학, ,화(14:00~15:15)/목(14:00~15:15),028-302/028-302,64
자연과학대학,통계학과,033.020,1,통계학실험, ,금(11:00~12:50),025-204,39
자연과학대학,통계학과,033.020,2,통계학실험, ,수(15:00~16:50),025-204,33
자연과학대학,통계학과,033.020,3,통계학실험, ,금(09:00~10:50),025-204,25
자연과학대학,통계학과,033.020,4,통계학실험, ,금(15:00~16:50),025-204,39
자연과학대학,통계학과,033.020,5,통계학실험, ,월(15:30~17:20),025-204,38
자연과학대학,통계학과,033.020,6,통계학실험, ,금(13:00~14:50),025-204,39
자연과학대학,통계학과,033.020,7,통계학실험, ,화(11:00~12:50),025-204,35
자연과학대학,통계학과,033.020,8,통계학실험, ,목(15:00~16:50),025-204,34
자연과학대학,통계학과,033.020,9,통계학실험, ,수(11:00~12:50),025-204,34
자연과학대학,통계학과,033.020,10,통계학실험, ,화(15:00~16:50),025-204,42
자연과학대학,통계학과,033.020,11,통계학실험, ,월(09:00~10:50),025-204,38
자연과학대학,통계학과,033.020,12,통계학실험, ,목(11:00~12:50),025-204,37
자연과학대학,통계학과,033.020,13,통계학실험, ,월(13:00~14:50),025-204,32
자연과학대학,통계학과,033.020,14,통계학실험, ,월(11:00~12:50),025-204,37
자연과학대학,통계학과,033.020,15,통계학실험, ,화(09:00~10:50),025-204,35
자연과학대학,물리·천문학부,034.002,3,물리학 2, ,월(11:00~12:15)/수(11:00~12:15),028-302/028-302,117
자연과학대학,물리·천문학부,034.002,4,물리학 2, ,화(09:30~10:45)/목(09:30~10:45),028-302/028-302,106
자연과학대학,물리·천문학부,034.002,5,물리학 2, ,월(12:30~13:45)/수(12:30~13:45),056-105/056-105,112
자연과학대학,물리·천문학부,034.002,13,물리학 2, ,월(09:30~10:45)/수(09:30~10:45),056-105/056-105,8
자연과학대학,물리·천문학부,034.006,1,물리의 기본 2, ,월(12:30~13:45)/수(12:30~13:45),028-301/028-301,139
자연과학대학,물리·천문학부,034.006,2,물리의 기본 2, ,화(12:30~13:45)/목(12:30~13:45),028-301/028-301,106
자연과학대학,물리·천문학부,034.006,3,물리의 기본 2, ,화(09:30~10:45)/목(09:30~10:45),043-1-201/043-1-201,51
자연과학대학,물리·천문학부,034.007,1,물리학, ,화(15:30~16:45)/목(15:30~16:45),056-106/056-106,73
자연과학대학,물리·천문학부,034.007,2,물리학, ,월(09:30~10:45)/수(09:30~10:45),028-103/028-103,50
자연과학대학,물리·천문학부,034.008,1,인문사회계를 위한 물리학, ,화(11:00~12:15)/목(11:00~12:15),056-106/056-106,16
자연과학대학,물리·천문학부,034.014,1,천문학, ,화(14:00~15:15)/목(14:00~15:15),043-1-101/043-1-101,50
자연과학대학,물리·천문학부,034.015,1,천문학실험, ,수(16:00~17:50),043-1-101,41
자연과학대학,화학부,034.017,1,화학 2, ,월(09:30~10:45)/수(09:30~10:45),043-1-101/043-1-101,46
자연과학대학,화학부,034.017,2,화학 2, ,화(12:30~13:45)/목(12:30~13:45),500-L307/500-L307,15
자연과학대학,화학부,034.017,3,화학 2, ,화(12:30~13:45)/목(12:30~13:45),043-1-201/043-1-201,22
자연과학대학,화학부,034.017,4,화학 2, ,화(09:30~10:45)/목(09:30~10:45),500-L307/500-L307,37
자연과학대학,화학부,034.017,5,화학 2, ,화(09:30~10:45)/목(09:30~10:45),500-L301/500-L301,41
자연과학대학,화학부,034.017,6,화학 2, ,화(14:00~15:15)/목(14:00~15:15),500-L307/500-L307,19
자연과학대학,화학부,034.017,7,화학 2, ,화(14:00~15:15)/목(14:00~15:15),500-L301/500-L301,58
자연과학대학,화학부,034.020,2,화학, ,화(14:00~15:15)/목(14:00~15:15),500-L306/500-L306,63
자연과학대학,화학부,034.020,3,화학, ,월(14:00~15:15)/수(14:00~15:15),500-L307/500-L307,40
자연과학대학,화학부,034.020,4,화학, ,화(12:30~13:45)/목(12:30~13:45),043-1-101/043-1-101,54
자연과학대학,화학부,034.020,5,화학, ,화(11:00~12:15)/목(11:00~12:15),500-L306/500-L306,32
자연과학대학,화학부,034.020,6,화학, ,화(11:00~12:15)/목(11:00~12:15),043-1-201/043-1-201,48
자연과학대학,화학부,034.020,7,화학, ,화(11:00~12:15)/목(11:00~12:15),500-L311/500-L311,46
자연과학대학,화학부,034.020,8,화학, ,화(12:30~13:45)/목(12:30~13:45),500-L311/500-L311,43
자연과학대학,생명과학부,034.028,1,생물학 2, ,화(11:00~12:15)/목(11:00~12:15),043-1-101/043-1-101,84
자연과학대학,생명과학부,034.029,1,생물학, ,월(09:30~10:45)/수(09:30~10:45),500-L306/500-L306,39
자연과학대학,생명과학부,034.029,2,생물학, ,화(12:30~13:45)/목(12:30~13:45),056-106/056-106,96
자연과학대학,생명과학부,034.029,3,생물학, ,월(11:00~12:15)/수(11:00~12:15),028-102/028-102,89
자연과학대학,생명과학부,034.029,4,생물학, ,월(09:30~10:45)/수(09:30~10:45),028-102/028-102,43
자연과학대학,생명과학부,034.029,5,생물학, ,월(12:30~13:45)/수(12:30~13:45),028-102/028-102,38
자연과학대학,생명과학부,034.029,6,생물학, ,월(14:00~15:15)/수(14:00~15:15),056-105/056-105,100
자연과학대학,지구환경과학부,034.038,1,대기과학, ,화(12:30~13:45)/목(12:30~13:45),500-L302/500-L302,58
자연과학대학,지구환경과학부,034.040,1,지구시스템과학, ,화(14:00~15:15)/목(14:00~15:15),025-1-406/025-1-406,44
자연과학대학,지구환경과학부,034.040,2,지구시스템과학, ,화(14:00~15:15)/목(14:00~15:15),024-210/024-210,47
자연과학대학,지구환경과학부,034.042,1,해양학, ,화(09:30~10:45)/목(09:30~10:45),028-103/028-103,62
자연과학대학,지구환경과학부,034.043,1,해양학실험, ,월(16:00~17:50),028-103,59
인문대학,국어국문학과,041.004,1,한국인의 언어와 문화, ,화(14:00~15:15)/목(14:00~15:15),008-301/008-301,29
인문대학,국어국문학과,041.009,1,한국어 어휘와 표현, ,월(11:00~12:15)/수(11:00~12:15),006-108/006-108,35
인문대학,국어국문학과,041.010,1,한국현대시 읽기, ,화(15:30~16:45)/목(15:30~16:45),007-101/007-101,37
인문대학,국어국문학과,041.011,1,21세기 한국소설의 이해, ,화(11:00~12:15)/목(11:00~12:15),003-102/003-102,53
인문대학,국어국문학과,041.017,1,한국의 한자와 한자어, ,목(09:30~12:20),043-1-405,25
인문대학,국어국문학과,041.018,1,한글맞춤법의 이론과 실제, ,월(14:00~15:15)/수(14:00~15:15),006-106/006-106,37
인문대학,국어국문학과,041.018,2,한글맞춤법의 이론과 실제, ,화(12:30~13:45)/목(12:30~13:45),005-212/005-212,46
인문대학,영어영문학과,041.021,1,현대사회와 국제어, ,화(14:00~15:15)/목(14:00~15:15),005-211/005-211,54
인문대학,영어영문학과,041.023,1,문학과 정신분석, ,월(14:00~15:15)/수(14:00~15:15),008-301/008-301,48
인문대학,독어독문학과,041.033,1,여성과 문학, ,월(11:00~12:15)/수(11:00~12:15),009-110/009-110,30
인문대학,노어노문학과,041.035,1,도스토예프스키와 톨스토이, ,화(14:00~15:15)/목(14:00~15:15),001-103/001-103,53
인문대학,서어서문학과,041.037,1,라틴아메리카 문학과 사회, ,월(14:00~15:15)/수(14:00~15:15),001-103/001-103,75
인문대학,서어서문학과,041.039,2,스페인어권명작의 이해, ,월(15:30~16:45)/수(15:30~16:45),003-102/003-102,33
인문대학,언어학과,041.041,1,언어의 이해, ,화(17:00~18:15)/목(17:00~18:15),014-203/014-203,34
인문대학,언어학과,041.043,1,알타이민족의 언어, ,화(12:30~13:45)/목(12:30~13:45),007-203/007-203,29
인문대학,협동과정  서양고전학전공,041.045,1,그리스.로마신화, ,월(11:00~12:15)/수(11:00~12:15),014-B101/014-B101,79
인문대학,국어국문학과,042.002,1,드라마의 이해와 감상, ,수(14:00~16:50),083-604,42
인문대학,국어국문학과,042.004,1,한국의 신화, ,월(15:30~18:20),007-102,40
인문대학,중어중문학과,042.005,1,한자와 동양문화, ,월(15:30~16:45)/수(15:30~16:45),083-202/083-202,41
인문대학,중어중문학과,042.006,1,중국어권의 사회와 문화, ,화(15:30~16:45)/목(15:30~16:45),006-105/006-105,30
인문대학,영어영문학과,042.007,1,미국문화와 현대사회의 이해, ,화(14:00~15:15)/목(14:00~15:15),006-103/006-103,54
인문대학,불어불문학과,042.009,1,상상력과 문화, ,월(12:30~13:45)/수(12:30~13:45),014-203/014-203,53
인문대학,불어불문학과,042.010,1,프랑스어권 문화의 이해, ,화(11:00~12:15)/목(11:00~12:15),006-106/006-106,27
인문대학,불어불문학과,042.010,3,프랑스어권 문화의 이해, ,월(11:00~12:15)/수(11:00~12:15),006-106/006-106,30
인문대학,불어불문학과,042.010,4,프랑스어권 문화의 이해, ,금(13:00~15:50),001-101,22
인문대학,독어독문학과,042.012,1,독일어권 문화의 이해, ,월(11:00~12:15)/수(11:00~12:15),003-102/003-102,43
인문대학,독어독문학과,042.012,2,독일어권 문화의 이해, ,화(15:30~16:45)/목(15:30~16:45),001-103/001-103,37
인문대학,독어독문학과,042.012,3,독일어권 문화의 이해, ,화(14:00~15:15)/목(14:00~15:15),003-102/003-102,30
인문대학,노어노문학과,042.013,1,러시아인의 삶과 문화, ,월(12:30~13:45)/수(12:30~13:45),008-B101/008-B101,33
인문대학,서어서문학과,042.014,1,스페인어권 문화의 이해, ,월(15:30~16:45)/수(15:30~16:45),006-106/006-106,32
인문대학,서어서문학과,042.014,2,스페인어권 문화의 이해, ,월(14:00~15:15)/수(14:00~15:15),005-207/005-207,41
인문대학,서어서문학과,042.014,3,스페인어권 문화의 이해, ,월(09:30~10:45)/수(09:30~10:45),005-207/005-207,30
인문대학,서어서문학과,042.014,4,스페인어권 문화의 이해, ,화(14:00~15:15)/목(14:00~15:15),009-110/009-110,38
인문대학,종교학과,042.016,1,현대종교와 문화, ,화(11:00~12:15)/목(11:00~12:15),008-301/008-301,51
인문대학,종교학과,042.017,1,종교와 영화, ,금(10:00~12:50),043-1-402,80
인문대학,종교학과,042.018,1,종교와 예술, ,수(14:00~16:50),007-214,36
인문대학,종교학과,042.019,1,현대문화와 기독교, ,금(10:00~12:50),005-211,35
인문대학,미학과,042.021,1,예술과 사회, ,수(15:30~18:20),007-101,31
인문대학,미학과,042.025,1,음악론입문, ,금(13:00~14:50),001-103,45
인문대학,미학과,042.028,1,예술과 신화, ,화(14:00~15:15)/목(14:00~15:15),083-404/083-404,87
인문대학,미학과,042.029,1,예술과 과학, ,월(11:00~12:15)/수(11:00~12:15),028-303/028-303,92
인문대학,미학과,042.029,2,예술과 과학, ,화(12:30~13:45)/목(12:30~13:45),028-302/028-302,97
인문대학,미학과,042.032,1,동양예술론입문, ,화(15:30~18:20),009-110,30
인문대학,미학과,042.034,1,페미니즘 미학과 예술, ,월(14:00~15:15)/수(14:00~15:15),083-305/083-305,65
인문대학,국사학과,043.004,1,근·현대 한국민족주의, ,화(11:00~12:15)/목(11:00~12:15),007-106/007-106,58
인문대학,국사학과,043.006,2,역사와 역사 재현, ,월(11:00~12:15)/수(11:00~12:15),008-101/008-101,84
인문대학,국사학과,043.007,4,한국사, ,화(09:30~10:45)/목(09:30~10:45),008-B101/008-B101,55
인문대학,국사학과,043.007,5,한국사, ,월(09:30~10:45)/수(09:30~10:45),007-102/007-102,15
인문대학,국사학과,043.013,1,한국현대사의 이해, ,화(11:00~12:15)/목(11:00~12:15),007-202/007-202,51
인문대학,국사학과,043.013,2,한국현대사의 이해, ,월(12:30~13:45)/수(12:30~13:45),014-208/014-208,52
인문대학,국사학과,043.013,4,한국현대사의 이해, ,화(12:30~13:45)/목(12:30~13:45),003-102/003-102,52
인문대학,국사학과,043.016,1,한국의 문화유산, ,금(15:00~16:50),007-101,61
인문대학,국사학과,043.016,2,한국의 문화유산, ,금(13:00~14:50),083-506,72
인문대학,국사학과,043.019,1,인물로 본 한국사, ,목(13:00~14:50),007-106,60
인문대학,국사학과,043.019,2,인물로 본 한국사, ,금(11:00~12:50),043-1-301,57
인문대학,국사학과,043.020,1,남북분단과 한국전쟁, ,화(13:00~14:50),007-101,63
인문대학,국사학과,043.020,2,남북분단과 한국전쟁, ,수(11:00~12:50),007-106,93
인문대학,서양사학과,043.031,1,유토피아의 역사, ,월(09:30~10:45)/수(09:30~10:45),006-103/006-103,34
인문대학,서양사학과,043.034,2,서양문명의 역사 1, ,화(15:30~16:45)/목(15:30~16:45),007-102/007-102,57
인문대학,고고미술사학과,043.046,1,서양미술사입문, ,수(14:00~16:50),220-203,35
인문대학,철학과,043.047,1,서양철학의 이해, ,월(14:00~15:15)/수(14:00~15:15),006-103/006-103,15
인문대학,철학과,043.047,2,서양철학의 이해, ,월(12:30~13:45)/수(12:30~13:45),006-103/006-103,37
인문대학,철학과,043.047,3,서양철학의 이해, ,월(09:30~10:45)/수(09:30~10:45),007-203/007-203,38
인문대학,철학과,043.049,1,현대사회와 윤리, ,화(12:30~13:45)/목(12:30~13:45),008-301/008-301,51
인문대학,철학과,043.053,2,철학개론, ,금(14:00~16:50),005-211,30
인문대학,철학과,043.053,3,철학개론, ,월(15:30~18:20),006-103,58
인문대학,철학과,043.058,1,생명의료윤리, ,화(14:00~15:15)/목(14:00~15:15),043-1-401/043-1-401,87
인문대학,철학과,043.058,2,생명의료윤리, ,화(09:30~10:45)/목(09:30~10:45),006-103/006-103,72
인문대학,철학과,043.060,1,사회철학의 이해, ,월(11:00~12:15)/수(11:00~12:15),006-105/006-105,40
인문대학,철학과,043.066,1,과학의 철학적 이해, ,월(14:00~15:15)/수(14:00~15:15),028-302/028-302,70
인문대학,철학과,043.066,2,과학의 철학적 이해, ,화(11:00~12:15)/목(11:00~12:15),043-1-402/043-1-402,44
인문대학,철학과,043.069,1,성의 철학과 성윤리, ,화(15:30~16:45)/목(15:30~16:45),043-1-201/043-1-201,139
인문대학,철학과,043.069,2,성의 철학과 성윤리, ,금(10:00~12:50),043-1-101,70
인문대학,철학과,043.069,3,성의 철학과 성윤리, ,금(14:00~16:50),043-1-101,58
인문대학,철학과,043.071,1,논리학, ,화(11:00~12:15)/목(11:00~12:15),006-103/006-103,43
인문대학,철학과,043.071,2,논리학, ,화(14:00~15:15)/목(14:00~15:15),014-203/014-203,41
인문대학,철학과,043.071,3,논리학, ,월(15:30~18:20),007-203,52
인문대학,철학과,043.071,4,논리학, ,금(14:00~16:50),007-203,51
인문대학,종교학과,043.074,1,동서양의 종교적 지혜, ,월(14:00~15:15)/수(14:00~15:15),007-106/007-106,86
인문대학,종교학과,043.074,2,동서양의 종교적 지혜, ,월(15:30~16:45)/수(15:30~16:45),007-106/007-106,80
인문대학,종교학과,043.076,1,종교 상징의 세계, ,화(14:00~15:15)/목(14:00~15:15),008-101/008-101,34
인문대학,종교학과,043.078,1,인간과 종교, ,화(11:00~12:15)/목(11:00~12:15),083-604/083-604,77
인문대학,종교학과,043.078,2,인간과 종교, ,화(09:30~10:45)/목(09:30~10:45),007-101/007-101,43
인문대학,미학과,043.083,2,미학과 예술론, ,월(12:30~13:45)/수(12:30~13:45),083-404/083-404,29
인문대학,미학과,043.083,3,미학과 예술론, ,화(12:30~13:45)/목(12:30~13:45),083-505/083-505,57
자연과학대학,통계학과,046.003,1,불확실성의 세계와 통계학, ,월(09:30~10:45)/수(09:30~10:45),025-109/025-109,35
자연과학대학,물리·천문학부,046.006,1,인간과 우주, ,화(12:30~13:45)/목(12:30~13:45),043-1-301/043-1-301,37
자연과학대학,물리·천문학부,046.006,2,인간과 우주, ,월(14:00~15:15)/수(14:00~15:15),043-1-401/043-1-401,58
자연과학대학,물리·천문학부,046.007,1,외계행성과 생명, ,화(11:00~12:15)/목(11:00~12:15),500-L307/500-L307,58
자연과학대학,물리·천문학부,046.009,1,우주의 진화, ,화(11:00~12:15)/목(11:00~12:15),056-105/056-105,43
자연과학대학,지구환경과학부,046.013,1,화산과 지진, ,화(15:30~16:45)/목(15:30~16:45),024-210/024-210,40
자연과학대학,협동과정 과학사 및 과학철학전공,046.014,1,역사속의 과학, ,화(11:00~12:15)/목(11:00~12:15),024-211/024-211,40
자연과학대학,협동과정 과학사 및 과학철학전공,046.015,1,서양문명과 과학기술, ,수(16:00~18:50),028-103,67
자연과학대학,생명과학부,047.007,1,두뇌의 이해, ,화(09:30~10:45)/목(09:30~10:45),500-L302/500-L302,47
자연과학대학,생명과학부,047.008,1,인간과 지구환경, ,월(14:00~15:15)/수(14:00~15:15),500-L301/500-L301,41
농업생명과학대학,식물생산과학부,047.011,1,생활원예, ,화(13:00~14:50),201-101,102
농업생명과학대학,식품·동물생명공학부,047.013,1,삶의 혁명-생명공학, ,화(12:30~13:45)/목(12:30~13:45),200-1043/200-1043,54
약학대학, ,047.017,1,약과 건강, ,월(14:00~15:15)/수(14:00~15:15),143-102/143-102,58
의과대학,의학과,047.018,1,우리 몸의 이해, ,수(14:00~16:50),083-404,60
의과대학,의학과,047.019,1,사람 뇌의 구조와 기능, ,금(13:00~15:50),083-305,81
의과대학,의학과,047.020,1,인간생명과학개론, ,화(16:00~17:50)/목(17:00~17:50),083-305/083-305,51
의과대학,의학과,047.021,1,참살이의학특강, ,월(14:00~14:50)/수(14:00~15:50),083-505/083-505,145
의과대학,의학과,047.022,1,죽음의 과학적 이해, ,수(10:00~12:50),083-305,229
자연과학대학,협동과정 과학사 및 과학철학전공,054.024,1,과학기술과 사회, ,수(09:30~12:20),500-L307,51
인문대학,국어국문학과,100.100,1,한국어연구입문, ,화(09:30~10:45)/목(09:30~10:45),001-103/001-103,56
인문대학,영어영문학과,100.110,1,영문학서설, ,화(11:00~12:15)/목(11:00~12:15),007-214/007-214,31
인문대학,서어서문학과,100.128,1,스페인사회와 문화, ,화(12:30~13:45)/목(12:30~13:45),006-103/006-103,33
인문대학,언어학과,100.130,1,언어와 컴퓨터, ,월(11:00~12:15)/수(11:00~12:15),014-602/014-602,33
인문대학,언어학과,100.132,1,세계의 언어, ,월(15:30~16:45)/수(15:30~16:45),003-107/003-107,30
인문대학,국사학과,100.135,1,한국사를 이끈 사상가들, ,수(14:00~16:50),014-203,40
인문대학,서양사학과,100.142,1,사료로 보는 서양사, ,화(09:30~10:45)/목(09:30~10:45),014-203/014-203,34
인문대학,철학과,100.146A,1,인도불교철학, ,화(11:00~12:15)/목(11:00~12:15),014-204/014-204,50
인문대학,미학과,100.155,1,미학사, ,금(16:00~18:50),007-102,29
인문대학,국어국문학과,101.222,1,한국현대문학사, ,월(09:30~10:45)/수(09:30~10:45),001-103/001-103,55
인문대학,국어국문학과,101.311A,1,한국현대소설론, ,금(10:00~12:50),001-209,31
인문대학,중어중문학과,102.324,1,중국문학사2, ,월(14:00~15:15)/수(14:00~15:15),008-101/008-101,59
인문대학,중어중문학과,102.422,1,중국사회문화론특강, ,금(15:00~17:50),008-301,29
인문대학,영어영문학과,103.220A,1,현대영국문학개관, ,월(09:30~10:45)/수(09:30~10:45),005-211/005-211,45
인문대학,영어영문학과,103.225,1,영어담화분석, ,화(12:30~13:45)/목(12:30~13:45),007-201/007-201,33
인문대학,영어영문학과,103.306B,1,근대미국문학개관, ,월(11:00~12:15)/수(11:00~12:15),001-203/001-203,46
인문대학,영어영문학과,103.335A,1,20세기 미국소설, ,화(15:30~16:45)/목(15:30~16:45),001-203/001-203,39
인문대학,영어영문학과,103.344,1,17ㆍ18세기 영시, ,화(14:00~15:15)/목(14:00~15:15),001-203/001-203,27
인문대학,서어서문학과,107.204,1,스페인어문법 2, ,화(14:00~15:15)/목(14:00~15:15),005-207/005-207,40
인문대학,서어서문학과,107.327A,1,중남미소설, ,화(15:30~16:45)/목(15:30~16:45),005-207/005-207,33
인문대학,언어학과,108.315,1,통사론, ,화(12:30~13:45)/목(12:30~13:45),005-211/005-211,35
인문대학,언어학과,108.317,1,사회언어학, ,금(10:00~12:50),001-207,29
인문대학,언어학과,108.417,1,언어와 정보처리, ,화(15:30~16:45)/목(15:30~16:45),003-102/003-102,28
인문대학,국사학과,109.301,1,한국중세사, ,월(11:00~13:50),007-106,46
인문대학,국사학과,109.319B,1,한국사논문쓰기, ,화(09:30~12:20),014-B101,37
인문대학,국사학과,109.328,1,한국과학기술사, ,월(09:30~10:45)/수(09:30~10:45),014-203/014-203,29
인문대학,국사학과,109.408,1,한국사특강 2, ,월(16:00~18:50),014-203,35
인문대학,국사학과,109.413,1,한국정치사회사, ,목(10:00~12:50),014-B101,35
인문대학,서양사학과,112.211,1,서양근대사 2: 긴 19세기의 역사, ,화(12:30~13:45)/목(12:30~13:45),014-204/014-204,28
인문대학,서양사학과,112.405,1,러시아사, ,월(14:00~15:15)/수(14:00~15:15),014-208/014-208,34
인문대학,철학과,113.227,1,기호논리학, ,월(15:30~16:45)/수(15:30~16:45),014-B101/014-B101,80
인문대학,철학과,113.352,1,인식론, ,월(09:30~10:45)/수(09:30~10:45),007-101/007-101,49
인문대학,철학과,113.360,1,서양근대철학, ,월(11:00~12:15)/수(11:00~12:15),001-103/001-103,56
인문대학,철학과,113.366,1,실존철학, ,금(15:30~18:20),006-106,32
인문대학,철학과,113.455,1,송명대 신유학, ,금(09:30~12:20),006-106,24
인문대학,철학과,113.463,1,과학철학, ,금(12:30~15:20),014-208,40
인문대학,철학과,113.464,1,심리철학, ,화(14:00~15:15)/목(14:00~15:15),006-105/006-105,47
인문대학,종교학과,114.310,1,종교심리학, ,화(10:00~12:50),006-108,31
인문대학,종교학과,114.322,1,한국종교, ,월(12:30~13:45)/수(12:30~13:45),005-211/005-211,31
인문대학,종교학과,114.323,1,한국불교, ,화(09:30~10:45)/목(09:30~10:45),083-501/083-501,29
인문대학,미학과,115.215A,1,조형예술미학, ,화(10:00~12:50),083-201,41
인문대학,미학과,115.309,1,예술사회학, ,목(11:00~13:50),083-201,37
인문대학,미학과,115.318A,1,예술과 천재론, ,수(14:00~15:50),009-110,30
인문대학,미학과,115.333,1,현대미학특강, ,목(16:00~18:50),006-106,28
인문대학,고고미술사학과,116.219,1,르네상스와 바로크미술, ,목(11:00~13:50),009-110,33
인문대학,고고미술사학과,116.435,1,현대미술과 시각문화, ,금(10:00~12:50),007-202,37
농업생명과학대학,농경제사회학부,200.106,201,경제원론 2, ,화(09:30~10:45)/목(09:30~10:45),200-1043/200-1043,45
농업생명과학대학,농경제사회학부,212.214,201,경제수학, ,월(14:00~15:15)/수(14:00~15:15),200-1043/200-1043,52
자연과학대학,수리과학부,300.204,1,미분방정식 및 연습, ,월(15:30~16:45)/수(15:30~16:45)/수(17:00~18:50),025-110/025-110/024-209,44
자연과학대학,수리과학부,300.206A,2,선형대수학 2, ,화(11:00~12:15)/목(11:00~12:15),025-104/025-104,40
자연과학대학,수리과학부,300.206A,3,선형대수학 2, ,화(12:30~13:45)/목(12:30~13:45),024-209/024-209,36
자연과학대학,물리·천문학부,300.212,1,역학 2, ,화(12:30~13:45)/목(12:30~13:45),056-105/056-105,56
자연과학대학,물리·천문학부,300.214,1,전기와 자기, ,월(12:30~13:45)/수(12:30~13:45),028-101/028-101,86
자연과학대학,지구환경과학부,300.230,1,기초유체역학, ,화(11:00~12:15)/목(11:00~12:15),025-1-304/025-1-304,40
자연과학대학,생명과학부,300.310,1,유전학, ,월(12:30~13:45)/수(12:30~13:45),028-103/028-103,64
자연과학대학,생명과학부,300.310,2,유전학, ,화(11:00~12:15)/목(11:00~12:15),500-L301/500-L301,35
자연과학대학,생명과학부,300.310,3,유전학, ,화(12:30~13:45)/목(12:30~13:45),500-L301/500-L301,50
치의학대학원,치의학과,300.310,201,유전학, ,목(09:30~12:20),086-103,25
농업생명과학대학,응용생물화학부,300.312,200,생화학 1, ,화(14:00~15:15)/목(14:00~15:15),203-101/203-101,82
자연과학대학,생명과학부,300.313,2,생화학 2, ,월(14:00~15:15)/수(14:00~15:15),028-303/028-303,55
농업생명과학대학,응용생물화학부,300.313,200,생화학 2, ,수(09:30~12:20),200-1043,39
자연과학대학,생명과학부,300.319,1,분자생물학, ,화(14:00~15:15)/목(14:00~15:15),043-1-402/043-1-402,59
농업생명과학대학, ,300.319,200,분자생물학, ,화(09:00~11:50),203-101,43
자연과학대학,통계학과,326.212,1,전산통계 및 실험, ,월(09:00~10:50)/수(09:00~10:50)/수(09:00~10:50),028-301/025-203/025-204,85
자연과학대학,통계학과,326.214,1,표본설계 및 조사실습, ,월(13:00~14:50)/수(13:00~14:50),025-203/025-405,48
자연과학대학,통계학과,326.314,1,이산자료분석 및 실습, ,화(09:00~10:50)/목(09:00~10:50),025-105/025-203,40
자연과학대학,수리과학부,3341.455,1,확률미분방정식입문, ,월(14:00~15:15)/수(14:00~15:15),500-L306/500-L306,44
자연과학대학,물리·천문학부,3342.202,1,전자학 및 계측론, ,금(11:00~12:50),056-106,60
자연과학대학,화학부,3343.206,1,유기화학 2, ,월(11:00~12:15)/수(11:00~12:15),500-L302/500-L302,48
농업생명과학대학,응용생물화학부,3343.206,200,유기화학 2, ,금(09:00~11:50),075-1-204,48
자연과학대학,화학부,3343.301A,1,물리화학2, ,월(15:30~16:45)/수(15:30~16:45),028-102/028-102,53
자연과학대학,화학부,3343.311,1,대사생화학, ,화(15:30~16:45)/목(15:30~16:45),500-L302/500-L302,62
자연과학대학,화학부,3343.402A,1,나노소재화학, ,화(12:30~13:45)/목(12:30~13:45),500-L310/500-L310,46
자연과학대학,화학부,3343.410,1,양자화학, ,화(09:30~10:45)/목(09:30~10:45),500-L311/500-L311,37
의과대학,의예과,3346.001,301,세포분자생물학, ,목(10:00~12:50),083-506,73
자연과학대학,생명과학부,3346.205,2,세포생물학, ,화(09:30~10:45)/목(09:30~10:45),500-L306/500-L306,47
자연과학대학,생명과학부,3346.206,1,유전공학개론, ,월(14:00~15:15)/수(14:00~15:15),028-102/028-102,49
자연과학대학,생명과학부,3346.208A,1,조직세포학, ,월(15:30~16:45)/수(15:30~16:45),500-L307/500-L307,35
자연과학대학,생명과학부,3346.409,1,동물행동학개론, ,월(09:30~10:45)/수(09:30~10:45),028-303/028-303,53
자연과학대학,물리·천문학부,3348.203,1,기본물리수학, ,화(15:30~16:45)/목(15:30~16:45),056-105/056-105,43
약학대학, ,370.1109,1,생화학 2, ,월(13:00~14:50),143-101,40
약학대학, ,370.1109,2,생화학 2, ,월(13:00~14:50),142-510,39
약학대학, ,370.1110,1,해부학, ,화(13:00~14:50),143-101,33
약학대학, ,370.1110,2,해부학, ,화(13:00~14:50),021-218,38
약학대학, ,370.1111,1,생리학, ,목(09:00~11:50),143-101,35
약학대학, ,370.1111,2,생리학, ,목(09:00~11:50),021-401,38
약학대학, ,370.1112,1,세포와 유전, ,수(13:00~14:50),143-101,33
약학대학, ,370.1112,2,세포와 유전, ,수(13:00~14:50),142-510,39
약학대학, ,370.1114,1,약학실습 2, ,화(16:00~19:50),021-110,37
약학대학, ,370.1114,2,약학실습 2, ,화(16:00~19:50),021-423,32
약학대학, ,370.1201,1,의약품합성화학 1, ,화(09:00~11:50),143-101,31
약학대학, ,370.1201,2,의약품합성화학 1, ,화(09:00~11:50),142-510,39
약학대학, ,370.1202,1,생약학 1, ,목(13:00~15:50),143-101,42
약학대학, ,370.1202,2,생약학 1, ,목(13:00~15:50),142-510,41
약학대학, ,370.1205,1,생약학 2, ,월(10:00~11:50),143-101,34
약학대학, ,370.1205,2,생약학 2, ,월(10:00~11:50),142-510,39
약학대학, ,370.1206,1,의약품합성화학 2, ,수(10:00~11:50),143-101,32
약학대학, ,370.1206,2,의약품합성화학 2, ,수(10:00~11:50),142-510,38
약학대학, ,370.2105,1,약물학 1, ,화(09:00~11:50),143-102,39
약학대학, ,370.2105,2,약물학 1, ,화(09:00~11:50),021-112,39
약학대학, ,370.2106,1,약물학 2, ,수(15:00~17:50),143-101,37
약학대학, ,370.2106,2,약물학 2, ,수(15:00~17:50),021-401,40
약학대학, ,370.2111,1,약학실습 3, ,수(16:00~19:50),021-423,30
약학대학, ,370.2111,2,약학실습 3, ,수(16:00~19:50),021-110,39
약학대학, ,370.2113A,1,임상약학개론, ,금(13:00~14:50),#017--108,37
약학대학, ,370.2113A,2,임상약학개론, ,토(09:00~10:50),#017-103,35
약학대학, ,370.2114A,1,약료학 및 실습, ,금(09:00~09:50)/금(10:00~11:50),#017--108/#017--108,36
약학대학, ,370.2114A,2,약료학 및 실습, ,금(15:00~15:50)/금(16:00~17:50),#017--108/#017--108,36
약학대학, ,370.2115,1,의약화학 1, ,목(10:00~11:50),143-102,39
약학대학, ,370.2115,2,의약화학 1, ,목(10:00~11:50),021-424,39
약학대학, ,370.2118,1,약사위생법규, ,수(10:00~11:50),143-102,38
약학대학, ,370.2118,2,약사위생법규, ,수(18:00~19:50),143-101,39
약학대학, ,370.3103,1,약물치료학 3, ,화(09:00~11:50)/화(13:00~13:50),#017--108/#017--108,34
약학대학, ,370.3103,2,약물치료학 3, ,토(09:00~11:50)/토(13:00~13:50),#017--108/#017--108,37
약학대학, ,370.3104,1,약물치료학 4, ,수(09:00~11:50)/수(13:00~13:50),#017--108/#017--108,34
약학대학, ,370.3104,2,약물치료학 4, ,토(14:00~17:50),#017--108,37
약학대학, ,370.3110,1,약물치료학실습 2, ,화(14:00~15:50),#017--108,37
약학대학, ,370.3110,2,약물치료학실습 2, ,수(14:00~15:50),#017--108,34
약학대학, ,375.686,1,기기분석 2, ,월(16:00~18:50),021-112,56
공과대학,기계항공공학부,400.003,1,공학수학 3, ,화(09:30~10:45)/목(09:30~10:45),301-305/301-305,50
공과대학,산업공학과,400.015,1,산업공학개론, ,월(11:00~12:15)/수(11:00~12:15),043-1-402/043-1-402,91
공과대학,산업공학과,400.015,2,산업공학개론, ,화(09:30~10:45)/목(09:30~10:45),043-1-401/043-1-401,106
공과대학,전기·정보공학부,400.018,1,창의공학설계, ,월(16:00~17:50)/수(16:00~17:50),301-202/301-310,75
공과대학,전기·정보공학부,400.018,2,창의공학설계, ,화(16:00~17:50)/목(16:00~17:50),301-201/301-310,77
공과대학,전기·정보공학부,400.019A,1,전기.정보공학개론, ,월(09:30~10:45)/수(09:30~10:45),301-201/301-201,57
공과대학,재료공학부,400.020,1,재료공학개론, ,월(11:00~12:15)/수(11:00~12:15),033-228/033-228,32
공과대학,건설환경공학부,400.022,1,건설환경공학개론, ,월(11:00~12:15)/수(11:00~12:15),035-223/035-223,61
공과대학,화학생물공학부,400.023,1,화학생물공학개론, ,월(11:00~12:15)/수(11:00~12:15),302-509/302-509,92
공과대학,에너지자원공학과,400.024,1,에너지자원공학개론, ,화(14:00~16:50),038-316,37
공과대학, ,400.310,1,공학기술과사회, ,목(15:00~17:50),038-422,43
공과대학,화학생물공학부,400.312,1,공학기술과경영, ,금(14:00~16:45),302-519,32
공과대학, ,400.316,1,공학경제, ,수(15:00~17:50),038-428,28
공과대학,건축학과,4012.104A,1,건축의장, ,목(10:00~12:50),039-B113,32
공과대학,건축학과,4012.303,1,건축사 2, ,수(14:00~16:50),039-B113,60
공과대학,건축학과,4012.411,1,건축설비계획, ,월(11:00~12:15)/수(11:00~12:15),039-B117/039-B117,32
공과대학,건축학과,4012.504,1,건축실무, ,월(15:00~17:50),039-B117,34
공과대학,건축학과,4013.204,1,건축구조시스템, ,수(16:00~18:50),038-B105,62
공과대학,건축학과,4013.206A,1,건축재료역학 1, ,화(09:30~10:45)/목(09:30~10:45),038-422/038-422,62
공과대학,산업공학과,406.304,1,인간공학, ,화(09:30~10:45)/목(09:30~10:45),043-1-302/043-1-302,39
공과대학,산업공학과,406.310,1,생산관리, ,화(17:00~18:15)/목(17:00~18:15),039-B118/039-B118,45
공과대학,산업공학과,406.314,1,경제성공학, ,월(11:00~12:15)/수(11:00~12:15),039-B119/039-B119,32
공과대학,산업공학과,406.315,1,경영과학 1, ,화(11:00~12:15)/목(11:00~12:15),039-B119/039-B119,56
공과대학,산업공학과,406.322,1,서비스공학, ,월(14:00~15:15)/수(14:00~15:15),039-B118/039-B118,33
공과대학,산업공학과,406.426B,1,데이터관리와 분석, ,화(14:00~15:15)/목(14:00~15:15),039-B119/039-B119,53
공과대학,산업공학과,406.433,1,금융공학개론, ,월(15:30~16:45)/수(15:30~16:45),039-B118/039-B118,45
공과대학,산업공학과,406.434,1,산업공학의 이해, ,월(17:00~18:15)/수(17:00~18:15),039-B118/039-B118,49
공과대학,원자핵공학과,409.101A,1,원자핵공학의 미래, ,목(16:00~16:50),032-106,31
공과대학,원자핵공학과,409.202,1,핵공학개론 2, ,화(09:30~10:45)/목(09:30~10:45),032-106/032-106,32
공과대학,원자핵공학과,409.209A,1,플라즈마전자역학 1, ,월(11:00~12:15)/수(11:00~12:15),032-106/032-106,31
공과대학,원자핵공학과,409.310A,1,수치해석기초, ,월(09:30~10:45)/수(09:30~10:45),032-106/032-106,30
공과대학,원자핵공학과,409.319A,1,시스템공학수력학, ,월(09:30~10:45)/수(09:30~10:45),032-108/032-108,31
공과대학,컴퓨터공학부,4190.101,1,이산수학, ,월(11:00~12:15)/수(11:00~12:15),301-203/301-203,44
공과대학,컴퓨터공학부,4190.101,2,이산수학, ,월(14:00~15:15)/수(14:00~15:15),302-105/302-105,78
공과대학,컴퓨터공학부,4190.103A,1,프로그래밍연습, ,월(14:00~15:50)/수(14:00~15:50),301-203/301-203,56
공과대학,컴퓨터공학부,4190.103A,2,프로그래밍연습, ,화(16:00~17:50)/목(16:00~17:50),302-208/302-311-1,91
공과대학,컴퓨터공학부,4190.206A,1,전기전자회로, ,화(15:30~16:45)/목(15:30~16:45),301-118/301-118,108
공과대학,컴퓨터공학부,4190.209,1,컴퓨터공학세미나, ,수(13:00~13:50),302-105,118
공과대학,컴퓨터공학부,4190.210,1,프로그래밍의 원리, ,월(09:00~10:50)/수(09:00~10:50),302-208/302-208,51
공과대학,컴퓨터공학부,4190.303C,1,임베디드시스템과 응용, ,월(11:00~12:15)/수(11:00~12:15),302-106/302-106,27
공과대학,컴퓨터공학부,4190.306,1,오토마타이론, ,화(15:30~16:45)/목(15:30~16:45),301-203/301-203,33
공과대학,컴퓨터공학부,4190.308,1,컴퓨터구조, ,화(09:30~10:45)/목(09:30~10:45),301-203/301-203,48
공과대학,컴퓨터공학부,4190.308,2,컴퓨터구조, ,화(09:30~10:45)/목(09:30~10:45),302-208/302-208,58
공과대학,컴퓨터공학부,4190.310,1,프로그래밍언어, ,화(11:00~12:15)/목(11:00~12:15),302-208/302-208,99
공과대학,컴퓨터공학부,4190.407,1,알고리즘, ,월(14:00~15:15)/수(14:00~15:15),302-208/302-208,77
공과대학,컴퓨터공학부,4190.414A,1,멀티코어 컴퓨팅, ,화(14:00~15:15)/목(14:00~15:15),301-203/301-203,28
공과대학,전기·정보공학부,430.201A,2,논리설계 및 실험, ,화(11:00~12:15)/화(18:30~20:20)/목(11:00~12:15),302-105/301-310/302-105,121
공과대학,전기·정보공학부,430.202B,1,기초전자기학 및 연습, ,화(14:00~15:15)/목(14:00~15:15)/목(18:30~20:20),301-102/301-102/301-207,72
공과대학,전기·정보공학부,430.202B,2,기초전자기학 및 연습, ,월(14:00~15:15)/수(14:00~15:15)/수(18:30~20:20),301-201/301-201/301-207,54
공과대학,전기·정보공학부,430.202B,3,기초전자기학 및 연습, ,월(14:00~15:15)/수(14:00~15:15)/금(10:00~11:50),301-105/301-105/301-207,79
공과대학,전기·정보공학부,430.211,1,프로그래밍방법론, ,월(15:30~17:20)/수(15:30~17:20)/금(15:30~17:20),302-408/301-207/301-207,57
공과대학,전기·정보공학부,430.216,1,전기시스템선형대수, ,월(11:00~12:15)/수(11:00~12:15),301-103/301-103,55
공과대학,전기·정보공학부,430.217,1,자료구조의 기초, ,화(15:30~16:45)/목(15:30~16:45),301-302/301-302,80
공과대학,전기·정보공학부,430.301C,1,아날로그전자회로, ,화(11:00~12:15)/목(11:00~12:15),301-201/301-201,62
공과대학,전기·정보공학부,430.301C,2,아날로그전자회로, ,월(11:00~12:15)/수(11:00~12:15),301-201/301-201,30
공과대학,전기·정보공학부,430.307,1,심화전기전자세미나, ,화(17:00~17:50),301-118,196
공과대학,전기·정보공학부,430.309A,1,전기에너지변환, ,월(17:00~18:15)/수(17:00~18:15),301-302/301-302,33
공과대학,전기·정보공학부,430.310,1,제어공학개론, ,화(14:00~15:15)/목(14:00~15:15),301-201/301-201,61
공과대학,전기·정보공학부,430.312,2,반도체소자, ,화(14:00~15:15)/목(14:00~15:15),301-302/301-302,79
공과대학,전기·정보공학부,430.315A,1,디지털 시스템 설계 및 실험, ,화(15:30~16:45)/목(15:30~16:45)/금(13:00~14:50),302-105/302-105/301-207,96
공과대학,전기·정보공학부,430.317,1,통신의 기초, ,월(11:00~12:15)/수(11:00~12:15),301-101/301-101,34
공과대학,전기·정보공학부,430.329,1,알고리즘의 기초, ,화(17:00~18:15)/목(17:00~18:15),301-302/301-302,73
공과대학,전기·정보공학부,430.402A,1,전기전자세미나, ,목(17:00~17:50),301-118,59
공과대학,전기·정보공학부,430.414,1,컴파일러의 기초, ,화(14:00~15:15)/목(14:00~15:15),301-104/301-104,34
공과대학,전기·정보공학부,430.457,1,지능시스템개론, ,월(11:00~12:15)/수(11:00~12:15),302-519/302-519,27
공과대학,재료공학부,445.102A,1,재료공학원리, ,화(12:30~13:45)/목(12:30~13:45),033-328/033-328,47
공과대학,재료공학부,445.102A,2,재료공학원리, ,화(12:30~13:45)/목(12:30~13:45),033-331/033-331,57
공과대학,재료공학부,445.102A,3,재료공학원리, ,화(12:30~13:45)/목(12:30~13:45),033-228/033-228,42
공과대학,재료공학부,445.202,1,재료현대물리, ,월(14:00~15:15)/수(14:00~15:15),033-228/033-228,72
공과대학,재료공학부,445.206,1,결정학개론, ,월(15:30~16:45)/수(15:30~16:45),033-228/033-228,48
공과대학,재료공학부,445.206,2,결정학개론, ,화(15:30~16:45)/목(15:30~16:45),033-228/033-228,50
공과대학,재료공학부,445.215,1,재료물리화학2, ,화(11:00~12:15)/목(11:00~12:15),033-331/033-331,52
공과대학,재료공학부,445.215,2,재료물리화학2, ,월(11:00~12:15)/수(11:00~12:15),033-226/033-226,29
공과대학,재료공학부,445.302,3,재료상변태, ,월(09:30~10:45)/수(09:30~10:45),033-228/033-228,45
공과대학,재료공학부,445.312,2,재료의 전자기적 성질, ,화(14:00~15:15)/목(14:00~15:15),033-330/033-330,44
공과대학,재료공학부,445.313A,1,재료세미나, ,금(12:00~12:50),033-331,54
공과대학,재료공학부,445.314,1,응용전기화학, ,월(11:00~12:15)/수(11:00~12:15),033-331/033-331,38
공과대학,재료공학부,445.325,1,전기회로, ,월(12:30~13:45)/수(12:30~13:45),033-226/033-226,32
공과대학,재료공학부,445.330A,1,재료공정통계분석 및 설계, ,월(11:00~12:15)/수(11:00~12:15),033-225/033-225,33
공과대학,건설환경공학부,457.204,1,기초유체역학 및 실험, ,화(14:00~15:50)/목(14:00~15:50),035-316/035-316,45
공과대학,건설환경공학부,457.208,1,교통공학 및 실험, ,월(14:00~15:50)/수(14:00~15:50),035-316/035-316,57
공과대학,건설환경공학부,457.210A,1,환경공학, ,월(09:30~10:45)/수(09:30~10:45),035-316/035-316,34
공과대학,건설환경공학부,457.210A,2,환경공학, ,월(09:30~10:45)/수(09:30~10:45),035-317/035-317,37
공과대학,건설환경공학부,457.212,2,건설환경통계학, ,화(11:00~12:15)/목(11:00~12:15),035-223/035-223,55
공과대학,건설환경공학부,457.316A,1,지속가능교통체계, ,화(12:30~13:45)/목(12:30~13:45),035-316/035-316,34
공과대학,건설환경공학부,457.408,1,건설시스템종합설계, ,화(18:00~21:50)/목(18:00~18:50),035-223/035-223,39
공과대학,화학생물공학부,458.202,1,물리화학 2, ,월(12:30~13:45)/수(12:30~13:45),302-508/302-508,48
공과대학,화학생물공학부,458.202,2,물리화학 2, ,월(12:30~13:45)/수(12:30~13:45),302-509/302-509,66
공과대학,화학생물공학부,458.301,1,유기화학 2, ,월(14:00~15:15)/수(14:00~15:15),302-509/302-509,75
공과대학,화학생물공학부,458.301,2,유기화학 2, ,월(14:00~15:15)/수(14:00~15:15),302-508/302-508,44
공과대학,화학생물공학부,458.302,1,응용생화학, ,화(11:00~12:15)/목(11:00~12:15),302-508/302-508,65
공과대학,화학생물공학부,458.302,2,응용생화학, ,화(11:00~12:15)/목(11:00~12:15),302-509/302-509,54
공과대학,화학생물공학부,458.304,1,열 및 물질전달, ,화(14:00~15:15)/목(14:00~15:15),302-508/302-508,65
공과대학,화학생물공학부,458.304,2,열 및 물질전달, ,화(14:00~15:15)/목(14:00~15:15),302-509/302-509,29
공과대학,화학생물공학부,458.308,1,공정제어 및 설계, ,월(11:00~12:15)/수(11:00~12:15),302-508/302-508,58
공과대학,화학생물공학부,458.310,1,화공열역학, ,월(14:00~15:15)/수(14:00~15:15),302-620/302-620,34
공과대학,화학생물공학부,458.409,1,전기화학, ,월(15:30~16:45)/수(15:30~16:45),302-509/302-509,43
공과대학,화학생물공학부,458.423,1,화학산업경영, ,월(17:00~18:50),302-105,79
농업생명과학대학, ,500.169,1,식품·동물생명공학개론, ,목(16:00~17:50),200-1043,44
농업생명과학대학, ,500.170,1,산림과학개론, ,월(16:00~17:50),200-1043,56
농업생명과학대학, ,500.171,1,식물생산과학개론, ,화(16:00~17:50),200-1043,80
농업생명과학대학, ,500.172,1,응용생물화학개론, ,목(16:00~17:50),200-1039,39
농업생명과학대학, ,500.173,1,조경·지역시스템공학개론, ,목(14:00~15:50),200-1043,38
농업생명과학대학, ,500.301A,1,통계학개론 및 실습, ,화(10:00~11:50)/목(10:00~11:50),201-101/200-1007,54
농업생명과학대학, ,500.405,1,컴퓨터프로그래밍개론, ,월(09:00~10:50)/월(11:00~12:50),200-1007/200-1007,31
농업생명과학대학,식물생산과학부,5172.305,1,시설원예학 및 실험, ,수(09:00~10:50)/수(11:00~12:50),200-1006/200-1006,29
농업생명과학대학,응용생물화학부,519.003,1,생화학, ,목(09:00~11:50),075-1-204,62
농업생명과학대학,응용생물화학부,519.301,1,물리화학 1, ,월(09:30~10:45)/수(09:30~10:45),200-7113/200-7113,31
농업생명과학대학,응용생물화학부,5192.250,1,일반미생물학, ,월(13:00~15:50),200-1022,40
농업생명과학대학,응용생물화학부,5192.252,1,식물병리학총론, ,수(09:00~11:50),200-6112,42
농업생명과학대학,농경제사회학부,5202.202,1,지역개발론, ,금(15:00~17:50),200-1012,36
농업생명과학대학,산림과학부,5241.216,1,산림자원평가학 및 실습, ,화(13:00~14:50)/화(15:00~16:50),200-7218/200-7218,33
농업생명과학대학,식품·동물생명공학부,5251.302,2,식품미생물학, ,월(12:30~13:45)/수(12:30~13:45),200-8112/200-8112,33
농업생명과학대학,바이오시스템·소재학부,5261.228,1,바이오열역학, ,월(14:00~15:15)/수(14:00~15:15),200-2213/200-2213,36
농업생명과학대학,조경·지역시스템공학부,5271.227,1,조경생태분석, ,금(09:00~10:50)/금(11:00~12:50),200-1007/200-1007,19
농업생명과학대학,조경·지역시스템공학부,5272.202,1,응용공학수학 2, ,금(10:00~12:50),200-1043,36
수의과대학,수의학과,552.115A,1,수의해부학 및 실습 2, ,월(12:00~13:50)/월(18:00~20:50),085-205/085-205,58
수의과대학,수의학과,552.117,1,수의조직학 및 실습 2, ,화(11:00~12:50)/화(17:00~19:50),085-205/085-205,58
수의과대학,수의학과,552.121,1,수의생화학 및 실습 2, ,목(09:00~10:50)/목(14:00~16:50),085-205/085-205,58
수의과대학,수의학과,552.123,1,수의생리학 및 실습 2, ,금(09:00~11:50)/금(13:00~15:50),085-205/085-205,58
수의과대학,수의학과,552.126,1,수의약리학 및 실습 1, ,목(11:00~12:50)/목(17:00~19:50),085-205/085-205,58
수의과대학,수의학과,552.127,1,수의미생물학 및 실습 1, ,수(11:00~12:50)/수(16:00~18:50),085-205/085-205,58
수의과대학,수의학과,552.128,1,수의기생충학 및 실습 1, ,화(09:00~10:50)/화(14:00~16:50),085-205/085-205,58
수의과대학,수의학과,552.129,1,수의생물공학 및 실습, ,월(09:00~11:50)/월(15:00~17:50),085-205/085-205,57
수의과대학,수의학과,552.131,1,수의신경과학, ,수(09:00~10:50),085-205,57
수의과대학,수의학과,552.132,1,수의기초임상신경과학, ,수(14:00~15:50),085-205,57
수의과대학,수의학과,552.220,1,수의병리학 및 실습 2, ,화(11:00~12:50)/목(11:00~11:50)/목(14:00~14:50)/목(15:00~18:50)/금(11:00~12:50),085-206/085-206/085-206/085-206/085-206,54
수의과대학,수의학과,552.223,1,수의독성학 및 실습 2, ,수(11:00~12:50)/수(14:00~17:50),085-206/085-206,54
수의과대학,수의학과,552.225,1,수의전염병학 및 실습, ,월(11:00~12:50)/화(14:00~17:50)/목(09:00~10:50),085-206/085-206/085-206,54
수의과대학,수의학과,552.226,1,수의공중보건학 및 실습 1, ,목(12:00~12:50)/금(09:00~10:50)/금(14:00~17:50),085-206/085-206/085-206,53
수의과대학,수의학과,552.227,1,실험동물의학 및 실습, ,월(09:00~10:50)/월(14:00~17:50)/화(09:00~10:50),085-206/085-206/085-206,54
수의과대학,수의학과,552.228,1,동물-수의사-사회, ,수(09:00~10:50),085-206,53
수의과대학,수의학과,552.327,1,수의진단영상학 및 실습, ,화(15:00~18:50)/목(10:00~10:50)/금(12:00~12:50),085-208/085-208/085-208,51
수의과대학,수의학과,552.331,1,수의외과학 및 실습 2, ,월(09:00~10:50)/목(11:00~12:50)/금(14:00~17:50),085-208/085-208/085-208,51
수의과대학,수의학과,552.333,1,수의산과학 및 실습 2, ,월(11:00~11:50)/수(09:00~10:50)/수(15:00~18:50)/목(09:00~09:50),085-208/085-208/085-208/085-208,51
수의과대학,수의학과,552.334,1,수의안과학, ,화(11:00~12:50),085-208,51
수의과대학,수의학과,552.335,1,수의피부과학, ,금(09:00~10:50),085-208,51
수의과대학,수의학과,552.336,1,야생동물질병학 및 실습, ,월(12:00~12:50)/월(14:00~14:50)/월(15:00~18:50),085-208/085-208/085-208,51
수의과대학,수의학과,552.337,1,수의사법규, ,목(18:00~19:50),085-208,51
수의과대학,수의학과,552.349,1,소동물내과학 및 실습2, ,수(11:00~12:50)/목(14:00~15:50),085-208/085-208,51
수의과대학,수의학과,552.350,1,대동물내과학 및 실습, ,화(09:00~10:50)/목(16:00~17:50),085-208/085-208,51
수의과대학,수의학과,552.443A,1,수의학심화실습, ,월(16:00~18:50)/화(16:00~18:50)/수(16:00~17:50)/수(18:00~18:50)/목(16:00~18:50)/금(16:00~18:50),085-209/085-209/085-209/085-209/085-209/085-209,45
수의과대학,수의예과,552P.002,1,예비수의사를위한자기계발, ,금(13:00~14:50),085-210,45
수의과대학,수의예과,552P.004,1,수의용어학, ,금(17:00~18:50),085-210,47
수의과대학,수의학과,552P.005,1,동물 아카데미, ,금(15:00~16:50),085-210,51
수의과대학,수의예과,552P.007,1,수의유전학개론, ,목(14:00~16:50),085-210,47
의과대학,의예과,801P.102,1,의학입문, ,금(13:00~15:50)/금(13:00~15:50),043-1-201/043-1-402,140
간호대학,간호학과,811.208,1,기본간호학및실습 2, ,목(10:00~10:50)/목(11:00~12:50),#012-102/#012-102,38
간호대학,간호학과,811.208,2,기본간호학및실습 2, ,목(14:00~14:50)/목(15:00~16:50),#012-102/#012-102,36
간호대학,간호학과,811.212,1,지역사회간호학 1, ,월(10:00~11:50),#012-102,76
간호대학,간호학과,811.215,1,건강교육과 상담, ,수(13:00~15:50),#012-102,77
간호대학,간호학과,811.218,1,병태생리학, ,화(10:00~11:50)/수(10:00~11:50),#012-102/#012-102,79
간호대학,간호학과,811.220,1,병원미생물학, ,화(13:00~14:50),#012-102,78
간호대학,간호학과,811.221,1,약물기전과 효과, ,화(16:00~17:50),#012-102,79
간호대학,간호학과,811.322,1,재활간호학및실습, ,화(10:00~11:50),#012-103,52
간호대학,간호학과,811.323,1,간호정보학및실습, ,월(15:00~16:50),#012-103,52
간호대학,간호학과,811.326,1,성인건강간호학 2, ,월(09:00~11:50),#012-103,55
간호대학,간호학과,811.330,1,정신건강간호학 1, ,화(13:00~14:50),#012-103,54
간호대학,간호학과,811.331,1,노인건강간호학및실습, ,월(13:00~14:50),#012-103,53
간호대학,간호학과,811.403,1,간호연구개론, ,화(15:00~16:50),#012-103,54
간호대학,간호학과,811.416,1,간호특론, ,화(09:00~10:50),083-604,68
간호대학,간호학과,811.422,1,간호윤리세미나, ,목(12:00~12:50),083-404,70
자연과학대학,수리과학부,881.003,1,미분방정식, ,월(09:30~10:45)/수(09:30~10:45),025-110/025-110,39
자연과학대학,수리과학부,881.003,4,미분방정식, ,화(12:30~13:45)/목(12:30~13:45),025-110/025-110,41
자연과학대학,수리과학부,881.007,2,선형대수학, ,월(14:00~15:15)/수(14:00~15:15),024-207/024-207,50
자연과학대학,수리과학부,881.007,3,선형대수학, ,화(15:30~16:45)/목(15:30~16:45),025-104/025-104,33
자연과학대학,수리과학부,881.007,4,선형대수학, ,화(14:00~15:15)/목(14:00~15:15),024-209/024-209,41
자연과학대학,수리과학부,881.007,5,선형대수학, ,화(15:30~16:45)/목(15:30~16:45),025-101/025-101,32
자연과학대학,수리과학부,881.008,1,해석개론, ,화(09:30~10:45)/목(09:30~10:45),024-211/024-211,39
자연과학대학,수리과학부,881.302,1,현대대수학 2, ,화(15:30~16:45)/목(15:30~16:45),500-L306/500-L306,50
치의학대학원,치의학과,883.016,2,기초의학통계학 및 실험, ,금(13:30~15:20)/금(15:30~17:20),043-1-102/043-1-102,58
자연과학대학,물리·천문학부,884.302,1,열과 통계물리, ,화(14:00~15:15)/목(14:00~15:15),056-106/056-106,76
자연과학대학,물리·천문학부,884.304,1,양자물리 2, ,월(14:00~15:15)/수(14:00~15:15),056-106/056-106,67
자연과학대학,물리·천문학부,884.310,1,전산물리, ,금(13:00~14:50),056-105,44
자유전공학부, ,991.202A,1,전공설계 2, ,화(17:00~18:50),220-202,18
인문대학,협동과정  비교문학전공,L0545.000100,1,동서양 명작 읽기, ,화(11:00~12:15)/목(11:00~12:15),007-102/007-102,33
인문대학,영어영문학과,L0545.000300,1,영어 대중소설 읽기, ,월(15:30~16:45)/수(15:30~16:45),014-204/014-204,32
인문대학,영어영문학과,L0545.000300,2,영어 대중소설 읽기, ,화(12:30~13:45)/목(12:30~13:45),007-214/007-214,30
인문대학,국어국문학과,L0545.000600,1,한국문학과 여행, ,월(15:30~16:45)/수(15:30~16:45),001-103/001-103,50
인문대학,미학과,L0546.000200,1,예술의 가치와 비평, ,금(12:00~14:50),008-301,43
인문대학,미학과,L0546.000500,1,공연예술의 이해, ,금(10:00~12:50),007-102,64
인문대학,미학과,L0546.000500,2,공연예술의 이해, ,금(13:00~15:50),007-102,31
인문대학,미학과,L0546.000500,3,공연예술의 이해, ,화(09:30~10:45)/목(09:30~10:45),007-102/007-102,62
인문대학,미학과,L0546.000500,4,공연예술의 이해, ,화(12:30~13:45)/목(12:30~13:45),043-1-401/043-1-401,89
인문대학,미학과,L0546.000500,5,공연예술의 이해, ,월(11:00~12:15)/수(11:00~12:15),028-103/028-103,67
인문대학,미학과,L0546.000500,6,공연예술의 이해, ,월(12:30~13:45)/수(12:30~13:45),043-1-101/043-1-101,78
인문대학,미학과,L0546.000600,1,미술론입문, ,금(15:00~17:50),007-106,79
인문대학,미학과,L0546.000700,1,대중예술의 이해, ,금(15:00~17:50),001-103,51
인문대학,미학과,L0546.000700,2,대중예술의 이해, ,월(15:30~18:20),043-1-301,85
인문대학,미학과,L0546.000700,3,대중예술의 이해, ,목(10:00~12:50),008-101,61
인문대학,미학과,L0546.000700,4,대중예술의 이해, ,금(10:00~12:50),001-103,31
인문대학,미학과,L0546.000700,5,대중예술의 이해, ,화(15:00~17:50),083-604,32
인문대학,미학과,L0546.000700,6,대중예술의 이해, ,화(15:30~18:20),043-1-101,56
인문대학,미학과,L0546.000800,1,영상예술의 이해, ,화(15:30~18:20),008-B101,33
인문대학,미학과,L0546.000800,2,영상예술의 이해, ,수(15:30~18:20),006-103,30
인문대학,미학과,L0546.000800,3,영상예술의 이해, ,목(15:30~18:20),043-1-402,89
인문대학,미학과,L0546.000800,4,영상예술의 이해, ,금(10:00~12:50),220-203,32
인문대학,미학과,L0546.000800,5,영상예술의 이해, ,목(14:00~16:50),083-305,81
인문대학,철학과,L0547.000100,1,도덕적 추론, ,월(11:00~12:15)/수(11:00~12:15),006-103/006-103,35
인문대학,철학과,L0547.000600,1,법과 가치, ,화(15:30~16:45)/목(15:30~16:45),006-103/006-103,30
인문대학,국사학과,L0547.000900,1,한국사 속의 유학, ,화(12:30~13:45)/목(12:30~13:45),008-B101/008-B101,5
인문대학,국사학과,L0547.001000,1,동아시아의 역사분쟁, ,월(11:00~12:15)/수(11:00~12:15),007-101/007-101,37
인문대학,국사학과,L0547.001200,2,규장각과 한국문화, ,월(12:30~13:45)/수(12:30~13:45),007-202/007-202,36
인문대학,철학과,L0547.001400,1,불교철학의 이해, ,금(14:00~16:50),007-202,48
인문대학,국사학과,L0547.001500,1,조선의 역사적 성취와 유산, ,화(09:30~10:45)/목(09:30~10:45),007-106/007-106,33
인문대학,국사학과,L0547.001500,2,조선의 역사적 성취와 유산, ,월(11:00~12:15)/수(11:00~12:15),007-102/007-102,66
인문대학,국사학과,L0547.001600,1,한국 중세의 사회와 문화, ,화(12:30~13:45)/목(12:30~13:45),007-102/007-102,74
인문대학,동양사학과,L0547.002000,1,역사 속의 중화와 그 이웃, ,목(15:30~18:20),008-101,97
인문대학,동양사학과,L0547.002000,2,역사 속의 중화와 그 이웃, ,금(14:00~16:50),008-302,38
인문대학,동양사학과,L0547.002100,1,테마 중국사, ,수(14:00~16:50),014-202,29
인문대학,서양사학과,L0547.002200,1,서양사 속의 젠더, ,월(11:00~12:15)/수(11:00~12:15),014-203/014-203,24
인문대학,서양사학과,L0547.002300,1,기독교와 서양문명, ,금(10:00~12:50),007-101,62
인문대학,종교학과,L0547.002400,1,종교학의 이해, ,화(11:00~12:15)/목(11:00~12:15),007-101/007-101,57
자연과학대학,지구환경과학부,L0550.000200,1,자연재해의 관측과 이해, ,월(14:00~16:50),024-210,45
자연과학대학,지구환경과학부,L0551.000300,1,바다과학기행, ,화(12:30~13:45)/목(12:30~13:45),028-101/028-101,111
인문대학,국어국문학과,M1232.000200,1,세계 속의 한국문학, ,화(11:00~12:15)/목(11:00~12:15),001-209/001-209,30
자연과학대학,수리과학부,M1407.000700,1,해석개론 및 연습 2, ,월(11:00~12:15)/월(17:00~18:50)/수(11:00~12:15),024-211/025-105/024-211,37
공과대학,건축학과,M1498.001500,1,철골구조설계 및 공법, ,월(14:00~15:15)/수(14:00~15:15),039-B115/039-B115,29
공과대학,건축학과,M1498.014000,1,건축시공 및 건설관리 입문, ,화(14:00~16:50),039-B113,59
공과대학,원자핵공학과,M1509.000200,1,핵공학 현대물리, ,월(14:00~15:15)/수(14:00~15:15),032-106/032-106,47
공과대학,원자핵공학과,M1509.000500,1,원자핵공학 학사논문연구 1, ,월(11:00~12:50),032-109,26
공과대학,컴퓨터공학부,M1522.000200,1,창의적통합설계1, ,금(13:00~18:50),302-208,79
공과대학,컴퓨터공학부,M1522.000600,1,컴퓨터프로그래밍, ,화(14:00~15:15)/목(14:00~15:15)/금(14:00~15:50),302-208/302-208/302-311-1,77
공과대학,컴퓨터공학부,M1522.000800,1,시스템프로그래밍, ,월(17:00~18:15)/월(18:30~20:20)/수(17:00~18:15),302-208/302-311-1/302-208,76
공과대학,컴퓨터공학부,M1522.002300,1,인터넷 보안, ,화(15:30~16:45)/목(15:30~16:45),301-101/301-101,42
농업생명과학대학,농생명공학부,M1718.000700,1,식품고분자 분석학, ,금(09:00~11:50),200-8112,30
간호대학,간호학과,M1991.000500,1,가족건강간호학, ,목(09:00~11:50),083-404,70
치의학대학원,치의학과,M2043.000500,1,인문학과 치의학리더십, ,화(13:00~14:15)/목(13:00~14:15),043-1-102/043-1-102,28
약학대학, ,M2175.000500,1,약전 및 의약품 품질과학, ,목(13:00~14:50),143-102,34
약학대학, ,M2175.000500,2,약전 및 의약품 품질과학, ,목(13:00~14:50),142-501,40
약학대학, ,M2175.000600,1,의약품 제조관리 및 규제과학, ,수(13:00~14:50),021-112,35
약학대학, ,M2175.000600,2,의약품 제조관리 및 규제과학, ,수(13:00~14:50),142-501,39
약학대학, ,M2175.000700,1,약사윤리, ,화(13:00~14:50),143-102,39
약학대학, ,M2175.001300,1,약학실습 5, ,목(16:00~19:50),021-110,40
약학대학, ,M2175.001300,2,약학실습 5, ,목(16:00~19:50),029-101,30
약학대학, ,M2175.001400,1,약학실습 6, ,월(14:00~16:50)/월(13:00~13:50),021-423/021-424,40
약학대학, ,M2175.001400,2,약학실습 6, ,월(13:00~16:50),029-101,30
공과대학,전기·정보공학부,M2177.004300,1,딥러닝의 기초, ,월(14:00~15:15)/수(14:00~15:15),301-202/301-202,59
공과대학, ,M2177.004900,1,IoT·인공지능·빅데이터 개론 및 실습, ,금(14:00~15:50)/금(16:00~17:50)/금(16:00~17:50),044-1-206/044-1-206/044-1-207,59
수의과대학,수의학과,M2180.001200,1,수의 응급의학, ,화(19:00~19:50),085-208,30
간호대학,간호학과,M2186.000300,1,간호학입문, ,월(15:00~16:50),083-404,71
치의학대학원,치의학과,M2189.000300,1,과학적 사고의 이해, ,월(16:00~17:15)/수(16:00~17:15),043-1-102/043-1-102,35
치의학대학원,치의학과,M2189.000500,1,치의학입문, ,금(09:00~11:50),#021-101,44
치의학대학원,치의학과,M2189.001000,1,자기설계성과보고, ,토(15:00~16:50),043-1-102,44
의과대학,의예과,M2605.000400,1,의대생을 위한 고전읽기, ,수(13:00~15:50),024-214,52
의과대학,의예과,M2605.000800,1,통일의료, ,수(10:00~11:50),024-214,45
의과대학,의예과,M2605.001100,1,의학 전문용어의 길잡이: 원어 어근부터 우리말 용어 제작까지, ,금(10:00~11:50),024-214,59
의과대학,의예과,M2605.001200,1,자유주제탐구, ,수(16:00~18:50),024-214,47
의과대학,의예과,M2605.001300,1,몸 속으로의 여행: 인체와 수술, ,월(10:00~11:50),024-214,43
공과대학,전기·정보공학부,M2608.001200,1,데이터통신망의 기초, ,화(09:30~10:45)/목(09:30~10:45),302-105/302-105,80
공과대학,기계항공공학부,M2794.001200,1,동역학, ,월(11:00~12:15)/수(11:00~12:15),301-105/301-105,114
공과대학,기계항공공학부,M2794.001200,2,동역학, ,월(11:00~12:15)/수(11:00~12:15),301-204/301-204,43
공과대학,기계항공공학부,M2794.001300,1,유체역학, ,화(11:00~12:15)/목(11:00~12:15),301-105/301-105,83
공과대학,기계항공공학부,M2794.001300,2,유체역학, ,화(11:00~12:15)/목(11:00~12:15),301-118/301-118,119
공과대학,기계항공공학부,M2794.001400,1,역학과 설계, ,화(14:00~15:15)/목(14:00~15:15),301-118/301-118,68
공과대학,기계항공공학부,M2794.001700,1,기계제품설계, ,월(14:00~15:15)/수(14:00~15:15),301-305/301-305,31
공과대학,기계항공공학부,M2794.001800,1,재료와 제조공정, ,화(09:30~10:45)/목(09:30~10:45),301-105/301-105,70
공과대학,기계항공공학부,M2794.001800,2,재료와 제조공정, ,화(09:30~10:45)/목(09:30~10:45),301-204/301-204,89
공과대학,기계항공공학부,M2794.001900,1,기계진동학, ,월(15:30~16:45)/수(15:30~16:45),301-204/301-204,29
공과대학,기계항공공학부,M2794.003100,1,메카트로닉스개론 및 실습, ,월(16:00~17:50)/수(16:00~17:50),301-105/301-105,40
공과대학,기계항공공학부,M2794.004600,1,기계산업경영 2, ,수(16:00~17:50),301-118,291
공과대학,기계항공공학부,M2795.001800,1,항공역학, ,화(11:00~12:15)/목(11:00~12:15),301-303/301-303,28
공과대학,기계항공공학부,M2795.002100,1,운동체역학, ,화(15:30~16:45)/목(15:30~16:45),301-303/301-303,23
공과대학,기계항공공학부,M2795.002200,1,우주항공공학입문, ,월(09:30~10:45)/수(09:30~10:45),301-304/301-304,57
공과대학,기계항공공학부,M2795.002500,1,제트추진, ,화(14:00~15:15)/목(14:00~15:15),301-306/301-306,34
공과대학,기계항공공학부,M2795.003300,1,우주항공 센서시스템, ,월(14:00~15:15)/수(14:00~15:15),301-306/301-306,28
치의학대학원,치의학과,M2839.000700,1,치의학과 공학 신기술의 만남, ,금(13:00~14:50),#021-101,44
인문대학,철학과,M2908.000200,1,시장과 윤리, ,금(13:00~15:50),014-204,33
인문대학,언어학과,M2911.000200,1,인문데이터 수량분석, ,화(11:00~12:15)/목(11:00~12:15),014-602/014-602,31
